question_id,lane,category,course_unit_module,objective,question_type,question_text,option_a,option_b,option_c,option_d,option_e,correct_answer,rationale,difficulty,source_reference,sme_review_status,moodle_import_category
BRN-M01-Q01,BRN,M01,M01 - Foundations of RN Case Management and Nursing Scope (3 contact hours),Define the purpose of RN case management.,mcq,The core purpose of RN case management is to:,Replace the primary physician,"Coordinate and advocate for safe, effective, patient-centered care across settings",Reduce all costs regardless of quality,Eliminate documentation,,B,"RN case management coordinates and advocates for patient-centered care, balancing quality, safety, and resource use.",easy,BRN CM Module M01 - Foundations,SME review recommended,BRN/M01
BRN-M01-Q02,BRN,M01,M01 - Foundations of RN Case Management and Nursing Scope (3 contact hours),Apply RN scope-of-practice boundaries.,mcq,Operating within one's RN scope of practice means the nurse:,Performs any task requested regardless of licensure,Acts within the legal/professional boundaries defined for registered nurses,Ignores standards of practice,Practices medicine independently,,B,Scope of practice defines the legal and professional boundaries for RN actions. Confirm jurisdiction specifics with SME/legal.,medium,BRN CM Module M01 - Foundations,SME/legal review required before submission,BRN/M01
BRN-M01-Q03,BRN,M01,M01 - Foundations of RN Case Management and Nursing Scope (3 contact hours),Apply patient-centered principles.,mcq,A patient-centered approach in case management means decisions are guided primarily by:,The case manager's convenience,"The patient's needs, goals, values, and informed preferences",Payer preferences only,Facility throughput only,,B,"Patient-centered care centers the patient's needs, goals, and informed preferences.",easy,BRN CM Module M01 - Foundations,SME review recommended,BRN/M01
BRN-M01-Q04,BRN,M01,M01 - Foundations of RN Case Management and Nursing Scope (3 contact hours),Describe the advocacy/stewardship balance.,tf,Case managers balance advocacy for the patient with responsible use of resources.,TRUE,FALSE,,,,TRUE,Case management balances patient advocacy with appropriate stewardship of resources.,easy,BRN CM Module M01 - Foundations,SME review recommended,BRN/M01
BRN-M01-Q05,BRN,M01,M01 - Foundations of RN Case Management and Nursing Scope (3 contact hours),Explain interdisciplinary collaboration.,mcq,Which best describes the RN case manager's relationship with the interdisciplinary team?,Works in isolation,Collaborates and communicates across disciplines to coordinate care,Directs physicians' medical orders,Avoids other team members,,B,Case managers collaborate across disciplines to coordinate care.,easy,BRN CM Module M01 - Foundations,SME review recommended,BRN/M01
BRN-M01-Q06,BRN,M01,M01 - Foundations of RN Case Management and Nursing Scope (3 contact hours),Apply professional standards and ethics.,mcq,Standards of professional practice and a code of ethics guide the case manager by:,Being optional suggestions,"Providing a framework for accountable, ethical, competent practice",Replacing clinical judgment entirely,Limiting patient advocacy,,B,"Professional standards and ethics frame accountable, competent practice.",medium,BRN CM Module M01 - Foundations,SME review recommended,BRN/M01
BRN-M01-Q07,BRN,M01,M01 - Foundations of RN Case Management and Nursing Scope (3 contact hours),Apply scope-of-practice judgment.,scenario,Scenario: A case manager is asked by a supervisor to perform a task that appears outside the RN scope of practice. The most appropriate response is to:,Perform it to avoid conflict,"Decline tasks outside the RN scope, clarify the concern, and seek appropriate qualified involvement",Delegate it to an aide,Ignore the request entirely without explanation,,B,Nurses should not perform tasks outside scope; they clarify and route to the appropriate qualified professional. Confirm scope with SME/legal.,hard,BRN CM Module M01 - Foundations,SME/legal review required before submission,BRN/M01
BRN-M01-Q08,BRN,M01,M01 - Foundations of RN Case Management and Nursing Scope (3 contact hours),Identify core case-management functions.,ms,Which are core functions of RN case management? (Select all that apply.),Assessment and care coordination,Advocacy for the patient,Practicing outside one's license,Monitoring and evaluating outcomes,,A; B; D,"Assessment, coordination, advocacy, and outcome evaluation are core; practicing outside license is not.",medium,BRN CM Module M01 - Foundations,SME review recommended,BRN/M01
BRN-M01-Q09,BRN,M01,M01 - Foundations of RN Case Management and Nursing Scope (3 contact hours),Describe the case manager's coordinating role in home health.,mcq,"In the home health context, the RN case manager often serves as a:",Barrier between patient and team,"Central coordinator linking the patient, providers, and resources",Replacement for the physician,Billing-only function,,B,"In home health, the case manager coordinates among patient, providers, and resources.",easy,BRN CM Module M01 - Foundations,SME review recommended,BRN/M01
BRN-M01-Q10,BRN,M01,M01 - Foundations of RN Case Management and Nursing Scope (3 contact hours),Use correct BRN contact-hour terminology.,mcq,This program is structured as continuing education measured in:,CEUs,Contact hours,Clinical rotations,Academic credits,,B,"BRN continuing education is expressed in contact hours, not CEUs.",easy,BRN CM Module M01 - Foundations,SME review recommended,BRN/M01
BRN-M01-Q11,BRN,M01,M01 - Foundations of RN Case Management and Nursing Scope (3 contact hours),Explain the value of continuing education.,tf,"Maintaining competency through continuing education supports safe, current case-management practice.",TRUE,FALSE,,,,TRUE,Ongoing education maintains competency for safe practice.,easy,BRN CM Module M01 - Foundations,SME review recommended,BRN/M01
BRN-M01-Q12,BRN,M01,M01 - Foundations of RN Case Management and Nursing Scope (3 contact hours),State the module's foundational focus.,mcq,The overall foundation this module establishes is:,Medication prescribing authority,"The role, scope, ethics, and coordinating function of RN case management",Facility marketing,Billing codes only,,B,"The module establishes role, scope, ethics, and coordination foundations.",easy,BRN CM Module M01 - Foundations,SME review recommended,BRN/M01
BRN-M02-Q01,BRN,M02,"M02 - Assessment, Intake, and Patient-Centered Care Planning (3 contact hours)",Describe comprehensive assessment domains.,mcq,A comprehensive case-management assessment should include:,Only the primary diagnosis,"Physical, functional, psychosocial, environmental, and support-system factors",Only insurance information,Only the patient's age,,B,"Holistic assessment spans physical, functional, psychosocial, environmental, and support factors.",medium,BRN CM Module M02 - Assessment and Care Planning,SME review recommended,BRN/M02
BRN-M02-Q02,BRN,M02,"M02 - Assessment, Intake, and Patient-Centered Care Planning (3 contact hours)",Explain the purpose of intake reconciliation.,mcq,"During intake, verifying and reconciling key information helps to:",Delay care,Establish an accurate baseline and reduce errors,Avoid documentation,Replace assessment,,B,Accurate intake reconciliation establishes a reliable baseline and reduces errors.,easy,BRN CM Module M02 - Assessment and Care Planning,SME review recommended,BRN/M02
BRN-M02-Q03,BRN,M02,"M02 - Assessment, Intake, and Patient-Centered Care Planning (3 contact hours)",Write effective care-plan goals.,mcq,A patient-centered care plan goal is best written as:,Vague and open-ended,"Specific, measurable, achievable, relevant, and time-bound, reflecting the patient's priorities",Decided without the patient,Focused only on facility metrics,,B,"SMART, patient-aligned goals support measurable, individualized care planning.",medium,BRN CM Module M02 - Assessment and Care Planning,SME review recommended,BRN/M02
BRN-M02-Q04,BRN,M02,"M02 - Assessment, Intake, and Patient-Centered Care Planning (3 contact hours)",Apply patient involvement in planning.,tf,The patient (and family/caregiver as appropriate) should be involved in developing the care plan.,TRUE,FALSE,,,,TRUE,Patient/caregiver involvement is central to patient-centered planning.,easy,BRN CM Module M02 - Assessment and Care Planning,SME review recommended,BRN/M02
BRN-M02-Q05,BRN,M02,"M02 - Assessment, Intake, and Patient-Centered Care Planning (3 contact hours)",Apply prioritization in care planning.,mcq,Prioritizing problems in a care plan should be guided primarily by:,Alphabetical order,"Acuity, safety, and the patient's goals",The case manager's preference,Billing potential,,B,"Prioritization reflects acuity, safety, and patient goals.",medium,BRN CM Module M02 - Assessment and Care Planning,SME review recommended,BRN/M02
BRN-M02-Q06,BRN,M02,"M02 - Assessment, Intake, and Patient-Centered Care Planning (3 contact hours)",Incorporate social determinants of health.,mcq,Identifying social determinants of health during assessment helps the case manager to:,Ignore barriers,"Recognize barriers (e.g., transportation, housing, food) that affect outcomes and plan accordingly",Increase costs only,Avoid referrals,,B,Social determinants influence outcomes and should inform planning and referrals.,medium,BRN CM Module M02 - Assessment and Care Planning,SME review recommended,BRN/M02
BRN-M02-Q07,BRN,M02,"M02 - Assessment, Intake, and Patient-Centered Care Planning (3 contact hours)",Tailor planning to individual circumstances.,scenario,"Scenario: A newly admitted home-health patient lives alone, has limited mobility, and no nearby support. The case manager should:",Proceed with a standard plan ignoring the situation,"Assess safety and support needs, incorporate resources/referrals (e.g., home support, equipment), and tailor the care plan",Discharge from services,Tell the patient to manage alone,,B,"Assessment of safety/support and resource integration produces an individualized, safe plan.",hard,BRN CM Module M02 - Assessment and Care Planning,SME review recommended,BRN/M02
BRN-M02-Q08,BRN,M02,"M02 - Assessment, Intake, and Patient-Centered Care Planning (3 contact hours)",Identify care-plan components.,ms,Which belong in a patient-centered care plan? (Select all that apply.),Measurable goals,Interventions matched to needs,Goals decided without the patient,A plan for evaluation/reassessment,,A; B; D,"Measurable goals, matched interventions, and evaluation belong; excluding the patient does not.",medium,BRN CM Module M02 - Assessment and Care Planning,SME review recommended,BRN/M02
BRN-M02-Q09,BRN,M02,"M02 - Assessment, Intake, and Patient-Centered Care Planning (3 contact hours)",Apply reassessment timing.,mcq,Reassessment of the care plan should occur:,Never,Regularly and when the patient's condition or circumstances change,Only at discharge,Only if the payer asks,,B,Care plans are living documents reassessed regularly and on change.,easy,BRN CM Module M02 - Assessment and Care Planning,SME review recommended,BRN/M02
BRN-M02-Q10,BRN,M02,"M02 - Assessment, Intake, and Patient-Centered Care Planning (3 contact hours)",Apply assessment tools appropriately.,mcq,Using validated assessment tools when appropriate helps to:,Introduce bias,"Support consistent, evidence-informed assessment",Replace clinical judgment entirely,Avoid documentation,,B,Validated tools support consistency and complement clinical judgment.,easy,BRN CM Module M02 - Assessment and Care Planning,SME review recommended,BRN/M02
BRN-M02-Q11,BRN,M02,"M02 - Assessment, Intake, and Patient-Centered Care Planning (3 contact hours)",Maintain an accurate problem list.,tf,"An accurate, current problem list helps the team deliver coordinated, individualized care.",TRUE,FALSE,,,,TRUE,"A current problem list supports coordinated, individualized care.",easy,BRN CM Module M02 - Assessment and Care Planning,SME review recommended,BRN/M02
BRN-M02-Q12,BRN,M02,"M02 - Assessment, Intake, and Patient-Centered Care Planning (3 contact hours)",State the module aim.,mcq,The overall aim of this module is to:,Teach prescribing,"Strengthen comprehensive assessment, intake, and patient-centered care planning",Replace the physician,Focus only on billing,,B,"The aim is sound assessment, intake, and patient-centered planning.",easy,BRN CM Module M02 - Assessment and Care Planning,SME review recommended,BRN/M02
BRN-M03-Q01,BRN,M03,M03 - Care Coordination Across Disciplines and Settings (3 contact hours),Define the purpose of care coordination.,mcq,Care coordination across disciplines primarily aims to:,Create silos,"Align team members and services so care is safe, continuous, and non-duplicative",Increase fragmentation,Reduce communication,,B,"Coordination aligns the team to deliver safe, continuous, non-duplicative care.",easy,BRN CM Module M03 - Care Coordination,SME review recommended,BRN/M03
BRN-M03-Q02,BRN,M03,M03 - Care Coordination Across Disciplines and Settings (3 contact hours),Apply structured communication.,mcq,Effective interdisciplinary communication is supported by:,Ambiguous handoffs,"Structured, clear, and timely information sharing (e.g., standardized handoff)",Withholding information,Relying on memory only,,B,"Structured, timely communication (e.g., standardized handoffs) reduces errors.",medium,BRN CM Module M03 - Care Coordination,SME review recommended,BRN/M03
BRN-M03-Q03,BRN,M03,M03 - Care Coordination Across Disciplines and Settings (3 contact hours),Ensure cross-setting continuity.,mcq,"When coordinating across settings (hospital, home, community), the case manager should ensure:",Information is lost between settings,Continuity of the care plan and accurate information transfer,Each setting starts from scratch,No follow-up,,B,Continuity and accurate transfer prevent gaps across settings.,medium,BRN CM Module M03 - Care Coordination,SME review recommended,BRN/M03
BRN-M03-Q04,BRN,M03,M03 - Care Coordination Across Disciplines and Settings (3 contact hours),Apply role clarity in teams.,tf,Clear role definition among team members reduces gaps and duplication in care.,TRUE,FALSE,,,,TRUE,Defined roles reduce gaps and duplication.,easy,BRN CM Module M03 - Care Coordination,SME review recommended,BRN/M03
BRN-M03-Q05,BRN,M03,M03 - Care Coordination Across Disciplines and Settings (3 contact hours),Identify risks of poor coordination.,mcq,A primary risk when care is poorly coordinated is:,Improved outcomes,"Fragmented care, errors, duplicated services, and gaps",Lower costs always,Better communication,,B,"Poor coordination causes fragmentation, errors, duplication, and gaps.",easy,BRN CM Module M03 - Care Coordination,SME review recommended,BRN/M03
BRN-M03-Q06,BRN,M03,M03 - Care Coordination Across Disciplines and Settings (3 contact hours),Manage referrals effectively.,mcq,Coordinating referrals effectively includes:,Sending incomplete information,"Providing relevant information, confirming receipt, and following up on outcomes",Never following up,Avoiding documentation,,B,"Effective referrals include complete information, confirmation, and follow-up.",medium,BRN CM Module M03 - Care Coordination,SME review recommended,BRN/M03
BRN-M03-Q07,BRN,M03,M03 - Care Coordination Across Disciplines and Settings (3 contact hours),Reconcile conflicting provider instructions.,scenario,Scenario: A patient is receiving conflicting instructions from two providers. The case manager should:,Pick one at random,Facilitate communication among the providers to reconcile the plan and clarify instructions for the patient,Tell the patient to choose,Ignore the conflict,,B,"The case manager facilitates reconciliation and clear, consistent instructions.",hard,BRN CM Module M03 - Care Coordination,SME review recommended,BRN/M03
BRN-M03-Q08,BRN,M03,M03 - Care Coordination Across Disciplines and Settings (3 contact hours),Identify coordination enablers.,ms,Which support effective care coordination? (Select all that apply.),"Timely, structured communication","Shared, current care plan",Withholding information from the team,Clear roles and follow-up,,A; B; D,"Communication, shared plans, and clear roles/follow-up support coordination; withholding information does not.",medium,BRN CM Module M03 - Care Coordination,SME review recommended,BRN/M03
BRN-M03-Q09,BRN,M03,M03 - Care Coordination Across Disciplines and Settings (3 contact hours),Engage the patient in coordination.,mcq,The patient's role in care coordination is best described as:,Passive bystander,An active partner whose input and understanding are essential,Irrelevant,Decision-maker for the clinical team,,B,Patients are active partners in coordinated care.,easy,BRN CM Module M03 - Care Coordination,SME review recommended,BRN/M03
BRN-M03-Q10,BRN,M03,M03 - Care Coordination Across Disciplines and Settings (3 contact hours),Document coordination activities.,mcq,"Documenting coordination activities (calls, referrals, follow-ups) is important because it:",Wastes time,"Creates a record of actions, supports continuity, and demonstrates accountability",Replaces communication,Is optional,,B,"Documentation records coordination, supports continuity, and shows accountability.",easy,BRN CM Module M03 - Care Coordination,SME review recommended,BRN/M03
BRN-M03-Q11,BRN,M03,M03 - Care Coordination Across Disciplines and Settings (3 contact hours),Leverage community resources.,tf,Coordinating with community resources can help address needs that affect health outcomes.,TRUE,FALSE,,,,TRUE,Community resources help address determinants affecting outcomes.,easy,BRN CM Module M03 - Care Coordination,SME review recommended,BRN/M03
BRN-M03-Q12,BRN,M03,M03 - Care Coordination Across Disciplines and Settings (3 contact hours),State the module aim.,mcq,The overall aim of this module is to:,Teach prescribing,Strengthen interdisciplinary and cross-setting care coordination,Promote fragmented care,Replace the team,,B,"The aim is effective interdisciplinary, cross-setting coordination.",easy,BRN CM Module M03 - Care Coordination,SME review recommended,BRN/M03
BRN-M04-Q01,BRN,M04,"M04 - Documentation, Legal Charting, and Audit-Ready Records (3 contact hours)",Describe legally sound documentation.,mcq,Legally sound nursing documentation should be:,Vague and delayed,"Accurate, objective, timely, complete, and legible",Based on assumptions,Altered after the fact without notation,,B,"Sound documentation is accurate, objective, timely, complete, and legible.",easy,BRN CM Module M04 - Documentation and Legal Charting,SME review recommended,BRN/M04
BRN-M04-Q02,BRN,M04,"M04 - Documentation, Legal Charting, and Audit-Ready Records (3 contact hours)",Apply factual charting.,mcq,Charting should generally reflect:,What the nurse intended to do,"What was actually assessed, done, and observed, and the patient's response",Only favorable information,Opinions about the patient's character,,B,"Documentation reflects actual assessment, actions, observations, and responses.",easy,BRN CM Module M04 - Documentation and Legal Charting,SME review recommended,BRN/M04
BRN-M04-Q03,BRN,M04,"M04 - Documentation, Legal Charting, and Audit-Ready Records (3 contact hours)",Apply correct error-correction in records.,mcq,"If an error is made in an electronic record, the appropriate action is to:",Delete the entry so no one sees it,Correct it per policy using an addendum/correction that preserves the original entry and audit trail,Ask IT to erase the history,Leave the error and ignore it,,B,Corrections must preserve the original entry and audit trail per policy.,medium,BRN CM Module M04 - Documentation and Legal Charting,SME review recommended,BRN/M04
BRN-M04-Q04,BRN,M04,"M04 - Documentation, Legal Charting, and Audit-Ready Records (3 contact hours)",Recognize the legal status of the record.,tf,The medical record can serve as a legal document and may be used in audits or legal proceedings.,TRUE,FALSE,,,,TRUE,The record is a legal document used in audits and proceedings.,easy,BRN CM Module M04 - Documentation and Legal Charting,SME review recommended,BRN/M04
BRN-M04-Q05,BRN,M04,"M04 - Documentation, Legal Charting, and Audit-Ready Records (3 contact hours)",Define audit-ready documentation.,mcq,'Audit-ready' documentation means records are:,Incomplete and disorganized,"Complete, accurate, and organized so they can withstand review",Hidden from reviewers,Written in personal shorthand only,,B,"Audit-ready records are complete, accurate, and organized for review.",easy,BRN CM Module M04 - Documentation and Legal Charting,SME review recommended,BRN/M04
BRN-M04-Q06,BRN,M04,"M04 - Documentation, Legal Charting, and Audit-Ready Records (3 contact hours)",Document patient education.,mcq,Documenting patient education and the patient's response is important because it:,Is unnecessary,"Demonstrates the education occurred and supports safe, coordinated care",Replaces the care plan,Hides information,,B,Documenting education and response evidences teaching and supports care.,easy,BRN CM Module M04 - Documentation and Legal Charting,SME review recommended,BRN/M04
BRN-M04-Q07,BRN,M04,"M04 - Documentation, Legal Charting, and Audit-Ready Records (3 contact hours)",Apply correct late-entry documentation.,scenario,Scenario: A case manager realizes a prior entry omitted an important assessment finding from earlier that day. The best action is to:,Backdate a new entry to the earlier time,"Make a clearly labeled late entry/addendum per policy, with the current date/time and reference to when the event occurred",Ask a colleague to enter it,Leave it out to avoid scrutiny,,B,A properly labeled late entry maintains integrity; backdating or proxy entry is falsification.,hard,BRN CM Module M04 - Documentation and Legal Charting,SME review recommended,BRN/M04
BRN-M04-Q08,BRN,M04,"M04 - Documentation, Legal Charting, and Audit-Ready Records (3 contact hours)",Identify defensible-documentation traits.,ms,Which are characteristics of defensible documentation? (Select all that apply.),Objective and factual,Timely,Altered without notation,Complete and legible,,A; B; D,"Objective, timely, complete, and legible records are defensible; undocumented alteration is not.",medium,BRN CM Module M04 - Documentation and Legal Charting,SME review recommended,BRN/M04
BRN-M04-Q09,BRN,M04,"M04 - Documentation, Legal Charting, and Audit-Ready Records (3 contact hours)",Apply record confidentiality.,mcq,Confidentiality and privacy of records require that information is:,Shared with anyone,"Accessed and disclosed only as authorized and necessary, consistent with privacy law and policy",Posted publicly,Discussed openly,,B,"Access/disclosure is limited to authorized, necessary use under privacy law and policy. Confirm specific privacy requirements with SME/legal.",medium,BRN CM Module M04 - Documentation and Legal Charting,SME/legal review required before submission,BRN/M04
BRN-M04-Q10,BRN,M04,"M04 - Documentation, Legal Charting, and Audit-Ready Records (3 contact hours)",Apply standardized documentation language.,mcq,Using approved terminology and avoiding unapproved abbreviations helps to:,Confuse readers,Reduce misinterpretation and errors,Make charts longer,Hide information,,B,Standardized terminology reduces misinterpretation and error.,easy,BRN CM Module M04 - Documentation and Legal Charting,SME review recommended,BRN/M04
BRN-M04-Q11,BRN,M04,"M04 - Documentation, Legal Charting, and Audit-Ready Records (3 contact hours)",Apply documentation integrity.,tf,"Documentation should never be falsified, and care that was not provided should not be charted as done.",TRUE,FALSE,,,,TRUE,Falsification is prohibited; only actual care is documented.,easy,BRN CM Module M04 - Documentation and Legal Charting,SME review recommended,BRN/M04
BRN-M04-Q12,BRN,M04,"M04 - Documentation, Legal Charting, and Audit-Ready Records (3 contact hours)",State the module aim.,mcq,The overall aim of this module is to:,Teach prescribing,"Strengthen documentation, legal charting, and audit-ready recordkeeping",Encourage shortcuts,Replace the care plan,,B,"The aim is sound documentation, legal charting, and audit readiness.",easy,BRN CM Module M04 - Documentation and Legal Charting,SME review recommended,BRN/M04
BRN-M05-Q01,BRN,M05,"M05 - Patient Rights, Consent, Advocacy, and Ethical Boundaries (3 contact hours)",Describe informed-consent elements.,mcq,Informed consent generally requires that the patient:,Signs without understanding,"Receives understandable information about the option, risks, benefits, and alternatives and voluntarily agrees",Is told only the benefits,Is pressured to agree,,B,Informed consent requires understandable disclosure and voluntary agreement. Confirm legal specifics with SME/legal.,medium,BRN CM Module M05 - Patient Rights and Ethics,SME/legal review required before submission,BRN/M05
BRN-M05-Q02,BRN,M05,"M05 - Patient Rights, Consent, Advocacy, and Ethical Boundaries (3 contact hours)",Define patient advocacy.,mcq,Patient advocacy in case management means the nurse:,Always defers to the payer,"Supports the patient's rights, voice, and informed choices within ethical and legal bounds",Makes all decisions for the patient,Ignores patient preferences,,B,Advocacy supports the patient's rights and informed choices within ethical/legal limits.,easy,BRN CM Module M05 - Patient Rights and Ethics,SME review recommended,BRN/M05
BRN-M05-Q03,BRN,M05,"M05 - Patient Rights, Consent, Advocacy, and Ethical Boundaries (3 contact hours)",Apply respect for autonomy.,mcq,Respecting patient autonomy means:,Overriding patient decisions,Honoring the patient's right to make informed decisions about their own care,Withholding information,Deciding for the patient,,B,Autonomy is the patient's right to make informed decisions.,easy,BRN CM Module M05 - Patient Rights and Ethics,SME review recommended,BRN/M05
BRN-M05-Q04,BRN,M05,"M05 - Patient Rights, Consent, Advocacy, and Ethical Boundaries (3 contact hours)",Apply the right to refuse care.,tf,"Patients generally have the right to refuse care, and refusals should be documented and addressed appropriately.",TRUE,FALSE,,,,TRUE,The right to refuse is fundamental; refusals are documented and managed appropriately. Confirm legal nuances with SME/legal.,medium,BRN CM Module M05 - Patient Rights and Ethics,SME/legal review required before submission,BRN/M05
BRN-M05-Q05,BRN,M05,"M05 - Patient Rights, Consent, Advocacy, and Ethical Boundaries (3 contact hours)",Recognize professional boundary issues.,mcq,A professional boundary issue arises when the nurse:,"Maintains a therapeutic, professional relationship",Allows personal interests or relationships to interfere with professional judgment or the patient relationship,Documents accurately,Follows the code of ethics,,B,Boundary issues occur when personal interests compromise professional judgment/relationship.,medium,BRN CM Module M05 - Patient Rights and Ethics,SME review recommended,BRN/M05
BRN-M05-Q06,BRN,M05,"M05 - Patient Rights, Consent, Advocacy, and Ethical Boundaries (3 contact hours)",Apply an ethical decision-making approach.,mcq,"When an ethical dilemma arises, a sound approach is to:",Decide quickly alone,"Identify the issue, consider the patient's values and ethical principles, and use available resources (e.g., ethics consultation, policy)",Ignore it,Always choose the cheapest option,,B,Structured ethical reasoning and available resources support sound decisions.,medium,BRN CM Module M05 - Patient Rights and Ethics,SME review recommended,BRN/M05
BRN-M05-Q07,BRN,M05,"M05 - Patient Rights, Consent, Advocacy, and Ethical Boundaries (3 contact hours)",Balance beneficence with autonomy.,scenario,Scenario: A competent patient declines a recommended service that the team believes is beneficial. The case manager should:,Override the patient's decision,"Ensure the patient is informed of risks/benefits/alternatives, respect the autonomous decision, document it, and continue supportive care",Discharge the patient for non-compliance,Pressure the patient to agree,,B,"A competent, informed patient may refuse; the nurse ensures understanding, respects autonomy, and documents.",hard,BRN CM Module M05 - Patient Rights and Ethics,SME/legal review required before submission,BRN/M05
BRN-M05-Q08,BRN,M05,"M05 - Patient Rights, Consent, Advocacy, and Ethical Boundaries (3 contact hours)",Identify core ethical principles.,ms,Which are core ethical principles relevant to case management? (Select all that apply.),Autonomy,Beneficence and non-maleficence,Deception,Justice,,A; B; D,"Autonomy, beneficence/non-maleficence, and justice are core; deception is not an ethical principle.",medium,BRN CM Module M05 - Patient Rights and Ethics,SME review recommended,BRN/M05
BRN-M05-Q09,BRN,M05,"M05 - Patient Rights, Consent, Advocacy, and Ethical Boundaries (3 contact hours)",Apply confidentiality.,mcq,Confidentiality of patient information means the nurse should:,Share freely,Protect information and disclose only as authorized or legally required,Post about patients,Discuss patients publicly,,B,Confidentiality limits disclosure to authorized/legally required situations.,easy,BRN CM Module M05 - Patient Rights and Ethics,SME review recommended,BRN/M05
BRN-M05-Q10,BRN,M05,"M05 - Patient Rights, Consent, Advocacy, and Ethical Boundaries (3 contact hours)",Apply cultural humility.,mcq,Cultural humility in advocacy means the nurse:,Imposes their own values,Respects and responds to the patient's cultural beliefs and preferences,Ignores culture,Treats all patients identically,,B,Cultural humility respects and responds to the patient's beliefs and preferences.,easy,BRN CM Module M05 - Patient Rights and Ethics,SME review recommended,BRN/M05
BRN-M05-Q11,BRN,M05,"M05 - Patient Rights, Consent, Advocacy, and Ethical Boundaries (3 contact hours)",Apply advance directives.,tf,Advance directives express a patient's wishes and should be honored within legal and policy frameworks.,TRUE,FALSE,,,,TRUE,Advance directives guide care per legal and policy frameworks. Confirm specifics with SME/legal.,medium,BRN CM Module M05 - Patient Rights and Ethics,SME/legal review required before submission,BRN/M05
BRN-M05-Q12,BRN,M05,"M05 - Patient Rights, Consent, Advocacy, and Ethical Boundaries (3 contact hours)",State the module aim.,mcq,The overall aim of this module is to:,Teach prescribing,"Strengthen knowledge of patient rights, consent, advocacy, and ethical boundaries",Reduce advocacy,Replace the ethics committee,,B,"The aim is rights, consent, advocacy, and ethical boundaries.",easy,BRN CM Module M05 - Patient Rights and Ethics,SME review recommended,BRN/M05
BRN-M06-Q01,BRN,M06,"M06 - Transitions of Care, Discharge Planning, Community Resources (3 contact hours)",Describe elements of a safe transition.,mcq,A safe transition of care depends most on:,Speed alone,"Accurate information transfer, a clear plan, and confirmed follow-up arrangements",Minimizing patient involvement,Avoiding documentation,,B,"Safe transitions require accurate information transfer, a clear plan, and confirmed follow-up.",medium,BRN CM Module M06 - Transitions and Discharge Planning,SME review recommended,BRN/M06
BRN-M06-Q02,BRN,M06,"M06 - Transitions of Care, Discharge Planning, Community Resources (3 contact hours)",Apply timely discharge planning.,mcq,Discharge planning should ideally begin:,At the moment of discharge,Early in the care episode and be updated as the patient's status changes,After the patient leaves,Only if problems occur,,B,"Early, dynamic discharge planning improves outcomes and reduces readmission risk.",easy,BRN CM Module M06 - Transitions and Discharge Planning,SME review recommended,BRN/M06
BRN-M06-Q03,BRN,M06,"M06 - Transitions of Care, Discharge Planning, Community Resources (3 contact hours)",Explain the value of medication reconciliation.,mcq,Medication reconciliation at transitions helps to:,Increase errors,Identify and resolve discrepancies to prevent medication errors,Replace the pharmacist,Avoid documentation,,B,Reconciliation identifies discrepancies and reduces medication errors at transitions.,medium,BRN CM Module M06 - Transitions and Discharge Planning,SME review recommended,BRN/M06
BRN-M06-Q04,BRN,M06,"M06 - Transitions of Care, Discharge Planning, Community Resources (3 contact hours)",Apply teach-back at discharge.,tf,Teach-back (having the patient restate instructions in their own words) helps confirm understanding at discharge.,TRUE,FALSE,,,,TRUE,Teach-back verifies patient understanding of discharge instructions.,easy,BRN CM Module M06 - Transitions and Discharge Planning,SME review recommended,BRN/M06
BRN-M06-Q05,BRN,M06,"M06 - Transitions of Care, Discharge Planning, Community Resources (3 contact hours)",Leverage community resources at transition.,mcq,Connecting patients to appropriate community resources helps to:,Create barriers,Address ongoing needs and support continuity after discharge,Increase readmissions,Avoid follow-up,,B,Community resources support continuity and address ongoing needs.,easy,BRN CM Module M06 - Transitions and Discharge Planning,SME review recommended,BRN/M06
BRN-M06-Q06,BRN,M06,"M06 - Transitions of Care, Discharge Planning, Community Resources (3 contact hours)",Identify readmission risk factors.,mcq,A key cause of avoidable readmissions is:,Thorough discharge planning,"Poor transitions, unclear instructions, and inadequate follow-up",Medication reconciliation,Patient education,,B,Poor transitions and follow-up contribute to avoidable readmissions.,medium,BRN CM Module M06 - Transitions and Discharge Planning,SME review recommended,BRN/M06
BRN-M06-Q07,BRN,M06,"M06 - Transitions of Care, Discharge Planning, Community Resources (3 contact hours)",Manage an unsafe discharge situation.,scenario,Scenario: A patient is being discharged home but expresses confusion about their new medications and follow-up appointments. The case manager should:,Proceed with discharge as planned,"Pause to clarify instructions using teach-back, reconcile medications, confirm follow-up, and arrange support/resources as needed",Tell the patient to figure it out,Cancel the discharge entirely,,B,"Clarifying instructions, reconciling medications, and confirming follow-up create a safe transition.",hard,BRN CM Module M06 - Transitions and Discharge Planning,SME review recommended,BRN/M06
BRN-M06-Q08,BRN,M06,"M06 - Transitions of Care, Discharge Planning, Community Resources (3 contact hours)",Identify discharge-plan elements.,ms,Which elements belong in a safe discharge plan? (Select all that apply.),Clear instructions the patient understands,Medication reconciliation,No follow-up arrangements,Connection to needed resources/support,,A; B; D,"Clear instructions, reconciliation, and resource connections belong; lack of follow-up does not.",medium,BRN CM Module M06 - Transitions and Discharge Planning,SME review recommended,BRN/M06
BRN-M06-Q09,BRN,M06,"M06 - Transitions of Care, Discharge Planning, Community Resources (3 contact hours)",Engage caregivers in transitions.,mcq,Involving family/caregivers in discharge planning is helpful because they:,Should be excluded,Often support follow-through and can identify barriers at home,Make care less safe,Replace the care team,,B,Caregivers support follow-through and identify home barriers.,easy,BRN CM Module M06 - Transitions and Discharge Planning,SME review recommended,BRN/M06
BRN-M06-Q10,BRN,M06,"M06 - Transitions of Care, Discharge Planning, Community Resources (3 contact hours)",Communicate transitions effectively.,mcq,Communicating the transition plan to the receiving provider/setting should be:,Optional,"Timely, accurate, and complete to ensure continuity",Vague,Avoided,,B,"Timely, accurate, complete communication to the receiving setting ensures continuity.",easy,BRN CM Module M06 - Transitions and Discharge Planning,SME review recommended,BRN/M06
BRN-M06-Q11,BRN,M06,"M06 - Transitions of Care, Discharge Planning, Community Resources (3 contact hours)",Apply post-discharge follow-up.,tf,"Follow-up after discharge (e.g., confirming appointments or check-in) can reduce gaps and readmissions.",TRUE,FALSE,,,,TRUE,Post-discharge follow-up reduces gaps and readmissions.,easy,BRN CM Module M06 - Transitions and Discharge Planning,SME review recommended,BRN/M06
BRN-M06-Q12,BRN,M06,"M06 - Transitions of Care, Discharge Planning, Community Resources (3 contact hours)",State the module aim.,mcq,The overall aim of this module is to:,Teach prescribing,"Strengthen safe transitions, discharge planning, and community-resource linkage",Increase readmissions,Replace the discharge team,,B,"The aim is safe transitions, discharge planning, and resource linkage.",easy,BRN CM Module M06 - Transitions and Discharge Planning,SME review recommended,BRN/M06
BRN-M07-Q01,BRN,M07,"M07 - Utilization Review, Medical Necessity, Payer-Safe Communication (3 contact hours)",Define utilization review.,mcq,Utilization review (UR) in case management primarily evaluates:,Staff schedules,"Whether services are appropriate, necessary, and delivered at the right level of care",Marketing performance,Facility decor,,B,"UR evaluates appropriateness, medical necessity, and level of care.",medium,BRN CM Module M07 - Utilization Review and Payer Communication,SME review recommended,BRN/M07
BRN-M07-Q02,BRN,M07,"M07 - Utilization Review, Medical Necessity, Payer-Safe Communication (3 contact hours)",Define medical necessity.,mcq,'Medical necessity' generally refers to services that are:,Requested by the patient regardless of need,Appropriate and required for the patient's condition based on accepted standards,The most expensive option,Optional conveniences,,B,"Medical necessity reflects appropriate, required care per accepted standards. Confirm payer/legal definitions with SME.",medium,BRN CM Module M07 - Utilization Review and Payer Communication,SME/legal review required before submission,BRN/M07
BRN-M07-Q03,BRN,M07,"M07 - Utilization Review, Medical Necessity, Payer-Safe Communication (3 contact hours)",Apply payer-safe communication.,mcq,'Payer-safe' communication means the case manager:,Exaggerates the patient's condition to obtain authorization,"Communicates accurately and truthfully, supported by documentation",Withholds relevant information,Guarantees coverage outcomes,,B,"Payer-safe communication is accurate, truthful, and documentation-supported; never exaggerated or fraudulent.",medium,BRN CM Module M07 - Utilization Review and Payer Communication,SME review recommended,BRN/M07
BRN-M07-Q04,BRN,M07,"M07 - Utilization Review, Medical Necessity, Payer-Safe Communication (3 contact hours)",Recognize fraud risks in UR.,tf,Misrepresenting a patient's condition to obtain authorization is unethical and can constitute fraud.,TRUE,FALSE,,,,TRUE,Misrepresentation for authorization is unethical and may be fraud.,medium,BRN CM Module M07 - Utilization Review and Payer Communication,SME/legal review required before submission,BRN/M07
BRN-M07-Q05,BRN,M07,"M07 - Utilization Review, Medical Necessity, Payer-Safe Communication (3 contact hours)",Document medical necessity accurately.,mcq,Documentation supporting medical necessity should:,Be vague,"Clearly reflect the clinical picture, services, and rationale",Be inflated,Be omitted,,B,Documentation should accurately support the clinical picture and rationale for services.,medium,BRN CM Module M07 - Utilization Review and Payer Communication,SME review recommended,BRN/M07
BRN-M07-Q06,BRN,M07,"M07 - Utilization Review, Medical Necessity, Payer-Safe Communication (3 contact hours)",Respond to coverage denials appropriately.,mcq,"When a service is denied by a payer, an appropriate case-manager action is to:",Tell the patient nothing,"Understand the reason, support appeal/alternative options as appropriate, and keep the patient informed",Falsify records to overturn it,Abandon the patient,,B,Case managers address denials through legitimate appeals/alternatives and patient communication.,hard,BRN CM Module M07 - Utilization Review and Payer Communication,SME review recommended,BRN/M07
BRN-M07-Q07,BRN,M07,"M07 - Utilization Review, Medical Necessity, Payer-Safe Communication (3 contact hours)",Maintain integrity under pressure.,scenario,Scenario: A supervisor pressures the case manager to document a higher level of need than is clinically accurate to secure payment. The case manager should:,Comply to keep peace,"Refuse to misrepresent, document accurately, and escalate the concern through appropriate channels",Quietly alter the chart,Ask the patient to lie,,B,"The nurse must document accurately, refuse misrepresentation, and escalate; this protects patients and integrity.",hard,BRN CM Module M07 - Utilization Review and Payer Communication,SME/legal review required before submission,BRN/M07
BRN-M07-Q08,BRN,M07,"M07 - Utilization Review, Medical Necessity, Payer-Safe Communication (3 contact hours)",Identify ethical UR practices.,ms,Which practices support ethical utilization management? (Select all that apply.),Accurate documentation,Truthful payer communication,Inflating severity for payment,Balancing patient advocacy with appropriate resource use,,A; B; D,"Accuracy, truthfulness, and balanced advocacy are ethical; inflating severity is not.",medium,BRN CM Module M07 - Utilization Review and Payer Communication,SME review recommended,BRN/M07
BRN-M07-Q09,BRN,M07,"M07 - Utilization Review, Medical Necessity, Payer-Safe Communication (3 contact hours)",Balance advocacy and stewardship.,mcq,Balancing advocacy and stewardship means the case manager:,Always chooses the cheapest option,Advocates for needed care while using resources responsibly,Ignores cost entirely,Ignores patient needs,,B,Case managers advocate for appropriate care while stewarding resources responsibly.,medium,BRN CM Module M07 - Utilization Review and Payer Communication,SME review recommended,BRN/M07
BRN-M07-Q10,BRN,M07,"M07 - Utilization Review, Medical Necessity, Payer-Safe Communication (3 contact hours)",Apply benefits knowledge in planning.,mcq,Knowing the patient's coverage and benefits helps the case manager to:,Deny care,"Plan realistic, appropriate care and reduce surprises for the patient",Avoid documentation,Replace clinical judgment,,B,"Understanding benefits supports realistic, appropriate planning.",easy,BRN CM Module M07 - Utilization Review and Payer Communication,SME review recommended,BRN/M07
BRN-M07-Q11,BRN,M07,"M07 - Utilization Review, Medical Necessity, Payer-Safe Communication (3 contact hours)",Communicate coverage issues to patients.,tf,"The patient should be kept informed about coverage issues affecting their care in an honest, understandable way.",TRUE,FALSE,,,,TRUE,"Honest, understandable communication keeps patients informed about coverage issues.",easy,BRN CM Module M07 - Utilization Review and Payer Communication,SME review recommended,BRN/M07
BRN-M07-Q12,BRN,M07,"M07 - Utilization Review, Medical Necessity, Payer-Safe Communication (3 contact hours)",State the module aim.,mcq,The overall aim of this module is to:,Teach prescribing,"Strengthen utilization review, medical-necessity documentation, and payer-safe communication",Encourage upcoding,Replace the payer,,B,"The aim is sound UR, medical-necessity documentation, and payer-safe communication.",easy,BRN CM Module M07 - Utilization Review and Payer Communication,SME review recommended,BRN/M07
BRN-M08-Q01,BRN,M08,"M08 - Quality Assurance, Risk Management, Incident Reporting, Escalation (3 contact hours)",Define QA/QI purpose.,mcq,The purpose of quality assurance/quality improvement in case management is to:,Assign blame,Systematically monitor and improve care processes and outcomes,Increase paperwork only,Hide problems,,B,QA/QI systematically monitors and improves processes and outcomes.,easy,"BRN CM Module M08 - Quality, Risk, and Incident Reporting",SME review recommended,BRN/M08
BRN-M08-Q02,BRN,M08,"M08 - Quality Assurance, Risk Management, Incident Reporting, Escalation (3 contact hours)",Define risk management.,mcq,Risk management primarily focuses on:,Ignoring hazards,"Identifying, evaluating, and reducing risks to patients, staff, and the organization",Increasing risk,Marketing,,B,"Risk management identifies and reduces risks to patients, staff, and the organization.",easy,"BRN CM Module M08 - Quality, Risk, and Incident Reporting",SME review recommended,BRN/M08
BRN-M08-Q03,BRN,M08,"M08 - Quality Assurance, Risk Management, Incident Reporting, Escalation (3 contact hours)",Describe incident-report purpose and content.,mcq,An incident report should be:,A way to assign blame,"An objective, factual, timely record of an event used to improve safety",Optional,Filled with opinions,,B,"Incident reports are objective, factual, timely, and used to improve safety, not to assign blame.",medium,"BRN CM Module M08 - Quality, Risk, and Incident Reporting",SME review recommended,BRN/M08
BRN-M08-Q04,BRN,M08,"M08 - Quality Assurance, Risk Management, Incident Reporting, Escalation (3 contact hours)",Recognize the value of near-miss reporting.,tf,"Near-misses, not just actual harm events, are valuable to report because they reveal system weaknesses.",TRUE,FALSE,,,,TRUE,Near-miss reporting reveals weaknesses before harm occurs.,medium,"BRN CM Module M08 - Quality, Risk, and Incident Reporting",SME review recommended,BRN/M08
BRN-M08-Q05,BRN,M08,"M08 - Quality Assurance, Risk Management, Incident Reporting, Escalation (3 contact hours)",Define and apply escalation.,mcq,Escalation in case management means:,Hiding a problem,Promptly raising a concern to the appropriate level/person when it exceeds one's authority or requires urgent attention,Waiting indefinitely,Solving everything alone,,B,Escalation routes concerns promptly to the right level when needed.,medium,"BRN CM Module M08 - Quality, Risk, and Incident Reporting",SME review recommended,BRN/M08
BRN-M08-Q06,BRN,M08,"M08 - Quality Assurance, Risk Management, Incident Reporting, Escalation (3 contact hours)",Describe a just-culture approach.,mcq,A 'just culture' approach to safety emphasizes:,Punishing all errors harshly,Learning from errors and addressing system factors while maintaining accountability,Ignoring errors,Hiding events,,B,Just culture balances accountability with learning and system improvement.,medium,"BRN CM Module M08 - Quality, Risk, and Incident Reporting",SME review recommended,BRN/M08
BRN-M08-Q07,BRN,M08,"M08 - Quality Assurance, Risk Management, Incident Reporting, Escalation (3 contact hours)",Apply QI to a recurring risk.,scenario,Scenario: A case manager identifies a recurring process gap that has led to several near-misses in handoffs. The best action is to:,Ignore it since no one was harmed,"Report it through QA/risk channels, document the pattern, and propose/participate in a process improvement",Blame an individual colleague,Conceal it,,B,Reporting patterns and improving the process prevents future harm.,hard,"BRN CM Module M08 - Quality, Risk, and Incident Reporting",SME review recommended,BRN/M08
BRN-M08-Q08,BRN,M08,"M08 - Quality Assurance, Risk Management, Incident Reporting, Escalation (3 contact hours)",Identify safety/quality program elements.,ms,Which support a strong safety/quality program? (Select all that apply.),Timely incident and near-miss reporting,"Objective, factual documentation",Punitive blame for all errors,Process improvement based on data,,A; B; D,"Reporting, objective documentation, and data-driven improvement help; pure blame undermines reporting.",medium,"BRN CM Module M08 - Quality, Risk, and Incident Reporting",SME review recommended,BRN/M08
BRN-M08-Q09,BRN,M08,"M08 - Quality Assurance, Risk Management, Incident Reporting, Escalation (3 contact hours)",Apply urgent escalation.,mcq,"When a patient-safety concern is urgent and exceeds the case manager's authority, the nurse should:",Wait for the next meeting,Escalate immediately to the appropriate person/level per policy,Do nothing,Document only and move on,,B,Urgent concerns require immediate escalation per policy.,medium,"BRN CM Module M08 - Quality, Risk, and Incident Reporting",SME review recommended,BRN/M08
BRN-M08-Q10,BRN,M08,"M08 - Quality Assurance, Risk Management, Incident Reporting, Escalation (3 contact hours)",Use data for improvement.,mcq,Tracking and trending data on incidents helps the organization to:,Hide issues,Identify patterns and target improvements,Increase errors,Avoid accountability,,B,Trending data reveals patterns and guides targeted improvement.,easy,"BRN CM Module M08 - Quality, Risk, and Incident Reporting",SME review recommended,BRN/M08
BRN-M08-Q11,BRN,M08,"M08 - Quality Assurance, Risk Management, Incident Reporting, Escalation (3 contact hours)",Apply professional accountability in reporting.,tf,Reporting a safety concern in good faith is part of professional accountability.,TRUE,FALSE,,,,TRUE,Good-faith reporting is part of professional accountability and safety culture.,easy,"BRN CM Module M08 - Quality, Risk, and Incident Reporting",SME review recommended,BRN/M08
BRN-M08-Q12,BRN,M08,"M08 - Quality Assurance, Risk Management, Incident Reporting, Escalation (3 contact hours)",State the module aim.,mcq,The overall aim of this module is to:,Teach prescribing,"Strengthen quality assurance, risk management, incident reporting, and escalation",Discourage reporting,Replace leadership,,B,"The aim is QA, risk management, incident reporting, and escalation.",easy,"BRN CM Module M08 - Quality, Risk, and Incident Reporting",SME review recommended,BRN/M08
BRN-M09-Q01,BRN,M09,"M09 - Chronic Disease, Geriatric, and High-Risk Patient Management (3 contact hours)",Describe chronic disease management.,mcq,Chronic disease management in case management emphasizes:,One-time treatment only,"Ongoing support, self-management education, monitoring, and coordination over time",Avoiding the patient,Ignoring comorbidities,,B,"Chronic disease management is longitudinal: support, education, monitoring, and coordination.",medium,BRN CM Module M09 - Chronic Disease and High-Risk Care,SME review recommended,BRN/M09
BRN-M09-Q02,BRN,M09,"M09 - Chronic Disease, Geriatric, and High-Risk Patient Management (3 contact hours)",Apply high-risk patient strategies.,mcq,High-risk patients often benefit from:,Less attention,"Closer monitoring, proactive coordination, and individualized planning",No care plan,Standardized generic care,,B,"High-risk patients benefit from closer monitoring and individualized, proactive coordination.",medium,BRN CM Module M09 - Chronic Disease and High-Risk Care,SME review recommended,BRN/M09
BRN-M09-Q03,BRN,M09,"M09 - Chronic Disease, Geriatric, and High-Risk Patient Management (3 contact hours)",Identify geriatric care considerations.,mcq,Geriatric patients may require special attention to:,No special factors,"Polypharmacy, fall risk, cognitive changes, and functional status",Only their age,Marketing preferences,,B,"Geriatric care attends to polypharmacy, falls, cognition, and function.",medium,BRN CM Module M09 - Chronic Disease and High-Risk Care,SME review recommended,BRN/M09
BRN-M09-Q04,BRN,M09,"M09 - Chronic Disease, Geriatric, and High-Risk Patient Management (3 contact hours)",Recognize polypharmacy risk.,tf,"Polypharmacy can increase the risk of adverse drug events, especially in older adults.",TRUE,FALSE,,,,TRUE,"Polypharmacy raises adverse-event risk, particularly in older adults. Confirm clinical specifics with SME.",medium,BRN CM Module M09 - Chronic Disease and High-Risk Care,SME review recommended,BRN/M09
BRN-M09-Q05,BRN,M09,"M09 - Chronic Disease, Geriatric, and High-Risk Patient Management (3 contact hours)",Apply self-management education.,mcq,Patient self-management education for chronic disease aims to:,Make the patient dependent,"Build the patient's knowledge, skills, and confidence to manage their condition",Replace all professional care,Avoid the patient's involvement,,B,"Self-management education builds patient knowledge, skills, and confidence.",easy,BRN CM Module M09 - Chronic Disease and High-Risk Care,SME review recommended,BRN/M09
BRN-M09-Q06,BRN,M09,"M09 - Chronic Disease, Geriatric, and High-Risk Patient Management (3 contact hours)",Apply early-warning recognition.,mcq,Recognizing early warning signs of decompensation in a chronic condition allows the case manager to:,Wait for a crisis,Intervene or escalate early to prevent deterioration or hospitalization,Ignore changes,Stop monitoring,,B,Early recognition supports timely intervention/escalation to prevent deterioration.,medium,BRN CM Module M09 - Chronic Disease and High-Risk Care,SME review recommended,BRN/M09
BRN-M09-Q07,BRN,M09,"M09 - Chronic Disease, Geriatric, and High-Risk Patient Management (3 contact hours)",Respond to signs of chronic-condition decompensation.,scenario,Scenario: A home-health patient with heart failure reports rapid weight gain and increased shortness of breath. The case manager should:,Wait until the next routine visit,"Recognize possible decompensation, follow protocol, notify the appropriate provider promptly, and document",Tell the patient it is normal,Discontinue services,,B,These are possible decompensation signs warranting prompt provider notification per protocol. (Clinical thresholds require SME confirmation.),hard,BRN CM Module M09 - Chronic Disease and High-Risk Care,SME/legal review required before submission,BRN/M09
BRN-M09-Q08,BRN,M09,"M09 - Chronic Disease, Geriatric, and High-Risk Patient Management (3 contact hours)",Identify chronic/high-risk strategies.,ms,Which support high-risk/chronic care management? (Select all that apply.),Individualized care planning,Patient self-management education,Ignoring comorbidities,Proactive monitoring and coordination,,A; B; D,"Individualized planning, education, and proactive monitoring help; ignoring comorbidities does not.",medium,BRN CM Module M09 - Chronic Disease and High-Risk Care,SME review recommended,BRN/M09
BRN-M09-Q09,BRN,M09,"M09 - Chronic Disease, Geriatric, and High-Risk Patient Management (3 contact hours)",Integrate social determinants in high-risk care.,mcq,Addressing social determinants for high-risk patients can:,Worsen outcomes,Reduce barriers and improve the likelihood of successful self-management,Be ignored safely,Replace clinical care,,B,Addressing social determinants reduces barriers and supports outcomes.,easy,BRN CM Module M09 - Chronic Disease and High-Risk Care,SME review recommended,BRN/M09
BRN-M09-Q10,BRN,M09,"M09 - Chronic Disease, Geriatric, and High-Risk Patient Management (3 contact hours)","Coordinate complex, multi-specialist care.",mcq,Coordinating multiple specialists for a complex patient helps to:,Fragment care,"Align treatment, reduce conflicting plans, and improve safety",Increase duplication,Confuse the patient,,B,Coordination aligns specialists and reduces conflicting plans.,medium,BRN CM Module M09 - Chronic Disease and High-Risk Care,SME review recommended,BRN/M09
BRN-M09-Q11,BRN,M09,"M09 - Chronic Disease, Geriatric, and High-Risk Patient Management (3 contact hours)",Apply individualized goals and reassessment.,tf,Individualized goals and regular reassessment are important in managing chronic and high-risk patients.,TRUE,FALSE,,,,TRUE,Individualized goals and reassessment are key in chronic/high-risk management.,easy,BRN CM Module M09 - Chronic Disease and High-Risk Care,SME review recommended,BRN/M09
BRN-M09-Q12,BRN,M09,"M09 - Chronic Disease, Geriatric, and High-Risk Patient Management (3 contact hours)",State the module aim.,mcq,The overall aim of this module is to:,Teach prescribing,"Strengthen management of chronic disease, geriatric, and high-risk patients",Reduce monitoring,Replace specialists,,B,"The aim is chronic, geriatric, and high-risk patient management.",easy,BRN CM Module M09 - Chronic Disease and High-Risk Care,SME review recommended,BRN/M09
BRN-M10-Q01,BRN,M10,M10 - Integrated Case Management Capstone (3 contact hours),Describe integrated case management.,mcq,An integrated case-management approach means the case manager:,Treats each issue in isolation,"Synthesizes assessment, planning, coordination, documentation, and advocacy into a cohesive process",Focuses only on billing,Avoids the team,,B,"Integrated case management synthesizes all core functions into a cohesive, patient-centered process.",medium,BRN CM Module M10 - Integrated Capstone,SME review recommended,BRN/M10
BRN-M10-Q02,BRN,M10,M10 - Integrated Case Management Capstone (3 contact hours),Sequence the case-management process.,mcq,Applying the full case-management process to a complex patient begins with:,Discharge,Comprehensive assessment that informs an individualized plan,Billing,Marketing,,B,The process begins with comprehensive assessment to inform an individualized plan.,easy,BRN CM Module M10 - Integrated Capstone,SME review recommended,BRN/M10
BRN-M10-Q03,BRN,M10,M10 - Integrated Case Management Capstone (3 contact hours),Maintain patient partnership across the process.,mcq,"Across the case-management process, the patient's role should be:",Excluded,"An active, informed partner throughout",Limited to signing forms,Replaced by family only,,B,"The patient is an active, informed partner throughout the process.",easy,BRN CM Module M10 - Integrated Capstone,SME review recommended,BRN/M10
BRN-M10-Q04,BRN,M10,M10 - Integrated Case Management Capstone (3 contact hours),Apply evaluation and revision.,tf,Evaluating outcomes and revising the plan are ongoing parts of the case-management process.,TRUE,FALSE,,,,TRUE,Outcome evaluation and plan revision are continuous in case management.,easy,BRN CM Module M10 - Integrated Capstone,SME review recommended,BRN/M10
BRN-M10-Q05,BRN,M10,M10 - Integrated Case Management Capstone (3 contact hours),Apply integrated prioritization.,mcq,"When multiple priorities compete for a complex patient, the case manager should:",Address them randomly,"Prioritize based on safety, acuity, and patient goals while coordinating the team",Ignore safety,Focus only on cost,,B,"Prioritization integrates safety, acuity, and patient goals with team coordination.",medium,BRN CM Module M10 - Integrated Capstone,SME review recommended,BRN/M10
BRN-M10-Q06,BRN,M10,M10 - Integrated Case Management Capstone (3 contact hours),Integrate ethics/legal throughout.,mcq,Ethical and legal considerations in an integrated case should be:,Ignored,"Woven throughout assessment, planning, communication, and documentation",Considered only at discharge,Left to others,,B,Ethics and legal considerations are integral throughout the process.,medium,BRN CM Module M10 - Integrated Capstone,SME review recommended,BRN/M10
BRN-M10-Q07,BRN,M10,M10 - Integrated Case Management Capstone (3 contact hours),Apply integrated case management to a complex case.,scenario,"Scenario: A complex home-health patient has a new chronic diagnosis, limited support, coverage questions, and a safety concern at home. An integrated response is to:",Handle only the coverage issue,"Reassess holistically, update the plan, coordinate the team and resources, communicate in a payer-safe manner, address safety, and document thoroughly",Discharge to simplify,Focus only on documentation,,B,"Integrated management addresses clinical, social, coverage, safety, and documentation needs together.",hard,BRN CM Module M10 - Integrated Capstone,SME review recommended,BRN/M10
BRN-M10-Q08,BRN,M10,M10 - Integrated Case Management Capstone (3 contact hours),Identify integrated process components.,ms,Which are integrated across a complete case-management episode? (Select all that apply.),Assessment and planning,Coordination and advocacy,Falsified documentation,Evaluation and revision,,A; B; D,"Assessment, planning, coordination, advocacy, evaluation, and revision integrate; falsification never belongs.",medium,BRN CM Module M10 - Integrated Capstone,SME review recommended,BRN/M10
BRN-M10-Q09,BRN,M10,M10 - Integrated Case Management Capstone (3 contact hours),Demonstrate integrated competency.,mcq,Demonstrating competency in this program is shown by:,Memorizing terms only,"Applying the integrated process safely, ethically, and within scope to realistic scenarios",Avoiding scenarios,Ignoring documentation,,B,"Competency is shown by safe, ethical, in-scope application to realistic scenarios.",medium,BRN CM Module M10 - Integrated Capstone,SME review recommended,BRN/M10
BRN-M10-Q10,BRN,M10,M10 - Integrated Case Management Capstone (3 contact hours),Apply reflective practice.,mcq,Reflective practice at the end of a case helps the case manager to:,Repeat mistakes,"Identify what worked, what to improve, and how to strengthen future practice",Avoid learning,Blame the patient,,B,Reflection supports continuous improvement of practice.,easy,BRN CM Module M10 - Integrated Capstone,SME review recommended,BRN/M10
BRN-M10-Q11,BRN,M10,M10 - Integrated Case Management Capstone (3 contact hours),Clarify the program's non-certification posture.,tf,This 30-contact-hour program prepares RNs to apply integrated case-management skills; it does not certify a specialty or expand scope of practice.,TRUE,FALSE,,,,TRUE,The program builds skills via continuing education; it makes no certification or scope-expansion claim.,easy,BRN CM Module M10 - Integrated Capstone,SME review recommended,BRN/M10
BRN-M10-Q12,BRN,M10,M10 - Integrated Case Management Capstone (3 contact hours),State the capstone aim.,mcq,The capstone module's overall aim is to:,Introduce new unrelated content,Integrate and apply the full case-management process across realistic scenarios,Replace prior modules,Focus only on theory,,B,The capstone integrates and applies the full process.,easy,BRN CM Module M10 - Integrated Capstone,SME review recommended,BRN/M10
BRN-CAPSTONE_FINAL-Q01,BRN,CAPSTONE_FINAL,CAPSTONE_FINAL - Comprehensive Capstone Final Assessment,Foundations - purpose.,mcq,The core purpose of RN case management is to:,Replace the physician,"Coordinate and advocate for safe, patient-centered care across settings",Cut costs regardless of quality,Eliminate documentation,,B,Case management coordinates and advocates for patient-centered care.,easy,BRN CM Module M01,SME review recommended,BRN/CAPSTONE_FINAL
BRN-CAPSTONE_FINAL-Q02,BRN,CAPSTONE_FINAL,CAPSTONE_FINAL - Comprehensive Capstone Final Assessment,Foundations - scope.,mcq,Acting within RN scope of practice means:,Doing any requested task,Practicing within legal/professional boundaries for RNs,Practicing medicine independently,Ignoring standards,,B,Scope defines legal/professional boundaries.,medium,BRN CM Module M01,SME/legal review required before submission,BRN/CAPSTONE_FINAL
BRN-CAPSTONE_FINAL-Q03,BRN,CAPSTONE_FINAL,CAPSTONE_FINAL - Comprehensive Capstone Final Assessment,Foundations - terminology.,mcq,This continuing education is measured in:,CEUs,Contact hours,Academic credits,Clinical rotations,,B,"BRN CE is measured in contact hours, not CEUs.",easy,BRN CM Module M01,SME review recommended,BRN/CAPSTONE_FINAL
BRN-CAPSTONE_FINAL-Q04,BRN,CAPSTONE_FINAL,CAPSTONE_FINAL - Comprehensive Capstone Final Assessment,Assessment - domains.,mcq,A comprehensive assessment includes:,Only diagnosis,"Physical, functional, psychosocial, and environmental factors",Only insurance,Only age,,B,Holistic assessment spans multiple domains.,medium,BRN CM Module M02,SME review recommended,BRN/CAPSTONE_FINAL
BRN-CAPSTONE_FINAL-Q05,BRN,CAPSTONE_FINAL,CAPSTONE_FINAL - Comprehensive Capstone Final Assessment,Planning - goals.,mcq,A patient-centered care plan goal should be:,Vague,"Specific, measurable, and aligned with the patient's priorities",Decided without the patient,Facility-focused only,,B,"SMART, patient-aligned goals support individualized care.",medium,BRN CM Module M02,SME review recommended,BRN/CAPSTONE_FINAL
BRN-CAPSTONE_FINAL-Q06,BRN,CAPSTONE_FINAL,CAPSTONE_FINAL - Comprehensive Capstone Final Assessment,Planning - involvement.,tf,The patient should be involved in developing their care plan.,TRUE,FALSE,,,,TRUE,Patient involvement is central to patient-centered planning.,easy,BRN CM Module M02,SME review recommended,BRN/CAPSTONE_FINAL
BRN-CAPSTONE_FINAL-Q07,BRN,CAPSTONE_FINAL,CAPSTONE_FINAL - Comprehensive Capstone Final Assessment,Coordination - purpose.,mcq,Care coordination aims to make care:,Fragmented,"Safe, continuous, and non-duplicative across the team and settings",Siloed,Less communicated,,B,"Coordination aligns the team for continuous, non-duplicative care.",easy,BRN CM Module M03,SME review recommended,BRN/CAPSTONE_FINAL
BRN-CAPSTONE_FINAL-Q08,BRN,CAPSTONE_FINAL,CAPSTONE_FINAL - Comprehensive Capstone Final Assessment,Coordination - handoffs.,mcq,Structured handoffs primarily help to:,Lose information,Transfer accurate information and reduce errors,Slow care,Avoid documentation,,B,Structured handoffs reduce errors at transitions.,medium,BRN CM Module M03,SME review recommended,BRN/CAPSTONE_FINAL
BRN-CAPSTONE_FINAL-Q09,BRN,CAPSTONE_FINAL,CAPSTONE_FINAL - Comprehensive Capstone Final Assessment,Documentation - standards.,mcq,Legally sound documentation is:,Vague and delayed,"Accurate, objective, timely, complete, and legible",Opinion-based,Altered without notation,,B,"Sound documentation is accurate, objective, timely, complete, legible.",easy,BRN CM Module M04,SME review recommended,BRN/CAPSTONE_FINAL
BRN-CAPSTONE_FINAL-Q10,BRN,CAPSTONE_FINAL,CAPSTONE_FINAL - Comprehensive Capstone Final Assessment,Documentation - integrity.,tf,Care that was not provided should never be charted as if it were done.,TRUE,FALSE,,,,TRUE,Documentation integrity prohibits charting care not provided.,easy,BRN CM Module M04,SME review recommended,BRN/CAPSTONE_FINAL
BRN-CAPSTONE_FINAL-Q11,BRN,CAPSTONE_FINAL,CAPSTONE_FINAL - Comprehensive Capstone Final Assessment,Ethics - consent.,mcq,Informed consent requires:,A signature without understanding,Understandable disclosure of risks/benefits/alternatives and voluntary agreement,Only benefits disclosed,Coercion,,B,Informed consent requires disclosure and voluntary agreement.,medium,BRN CM Module M05,SME/legal review required before submission,BRN/CAPSTONE_FINAL
BRN-CAPSTONE_FINAL-Q12,BRN,CAPSTONE_FINAL,CAPSTONE_FINAL - Comprehensive Capstone Final Assessment,Ethics - autonomy.,mcq,Respecting autonomy means:,Deciding for the patient,Honoring the patient's right to make informed decisions,Withholding information,Overriding refusals,,B,Autonomy honors informed patient decisions.,easy,BRN CM Module M05,SME review recommended,BRN/CAPSTONE_FINAL
BRN-CAPSTONE_FINAL-Q13,BRN,CAPSTONE_FINAL,CAPSTONE_FINAL - Comprehensive Capstone Final Assessment,Ethics - principles.,ms,Which are core ethical principles? (Select all that apply.),Autonomy,Beneficence/non-maleficence,Deception,Justice,,A; B; D,"Autonomy, beneficence/non-maleficence, and justice are principles; deception is not.",medium,BRN CM Module M05,SME review recommended,BRN/CAPSTONE_FINAL
BRN-CAPSTONE_FINAL-Q14,BRN,CAPSTONE_FINAL,CAPSTONE_FINAL - Comprehensive Capstone Final Assessment,Transitions - elements.,mcq,A safe transition of care requires:,Speed only,"Accurate information transfer, a clear plan, and confirmed follow-up",Less patient involvement,No documentation,,B,"Safe transitions require information transfer, a plan, and follow-up.",medium,BRN CM Module M06,SME review recommended,BRN/CAPSTONE_FINAL
BRN-CAPSTONE_FINAL-Q15,BRN,CAPSTONE_FINAL,CAPSTONE_FINAL - Comprehensive Capstone Final Assessment,Transitions - teach-back.,mcq,Teach-back at discharge is used to:,Lengthen the visit,Confirm the patient understands instructions,Replace written instructions,Avoid education,,B,Teach-back confirms understanding.,easy,BRN CM Module M06,SME review recommended,BRN/CAPSTONE_FINAL
BRN-CAPSTONE_FINAL-Q16,BRN,CAPSTONE_FINAL,CAPSTONE_FINAL - Comprehensive Capstone Final Assessment,Transitions - reconciliation.,mcq,Medication reconciliation at transitions helps to:,Increase errors,Identify and resolve medication discrepancies,Replace the pharmacist,Avoid documentation,,B,Reconciliation reduces medication errors.,medium,BRN CM Module M06,SME review recommended,BRN/CAPSTONE_FINAL
BRN-CAPSTONE_FINAL-Q17,BRN,CAPSTONE_FINAL,CAPSTONE_FINAL - Comprehensive Capstone Final Assessment,UR - medical necessity.,mcq,Medical necessity refers to services that are:,The most expensive,Appropriate and required for the condition per accepted standards,Optional conveniences,Patient-requested regardless of need,,B,"Medical necessity is appropriate, required care per standards.",medium,BRN CM Module M07,SME/legal review required before submission,BRN/CAPSTONE_FINAL
BRN-CAPSTONE_FINAL-Q18,BRN,CAPSTONE_FINAL,CAPSTONE_FINAL - Comprehensive Capstone Final Assessment,UR - integrity.,tf,Misrepresenting a patient's condition to obtain authorization is unethical and may constitute fraud.,TRUE,FALSE,,,,TRUE,Misrepresentation for authorization is unethical and potentially fraudulent.,medium,BRN CM Module M07,SME/legal review required before submission,BRN/CAPSTONE_FINAL
BRN-CAPSTONE_FINAL-Q19,BRN,CAPSTONE_FINAL,CAPSTONE_FINAL - Comprehensive Capstone Final Assessment,UR - communication.,mcq,Payer-safe communication means:,Exaggerating need,"Communicating accurately and truthfully, supported by documentation",Withholding information,Guaranteeing coverage,,B,Payer-safe communication is accurate and documentation-supported.,medium,BRN CM Module M07,SME review recommended,BRN/CAPSTONE_FINAL
BRN-CAPSTONE_FINAL-Q20,BRN,CAPSTONE_FINAL,CAPSTONE_FINAL - Comprehensive Capstone Final Assessment,Quality - incident reports.,mcq,An incident report should be:,A blame tool,"An objective, factual, timely safety record",Optional,Opinion-filled,,B,"Incident reports are objective, factual, timely, and safety-focused.",medium,BRN CM Module M08,SME review recommended,BRN/CAPSTONE_FINAL
BRN-CAPSTONE_FINAL-Q21,BRN,CAPSTONE_FINAL,CAPSTONE_FINAL - Comprehensive Capstone Final Assessment,Quality - escalation.,mcq,Escalation means:,Hiding a concern,Promptly raising a concern to the appropriate level when needed,Waiting indefinitely,Solving everything alone,,B,Escalation routes concerns to the right level promptly.,medium,BRN CM Module M08,SME review recommended,BRN/CAPSTONE_FINAL
BRN-CAPSTONE_FINAL-Q22,BRN,CAPSTONE_FINAL,CAPSTONE_FINAL - Comprehensive Capstone Final Assessment,Quality - near-misses.,tf,Near-misses are valuable to report because they reveal system weaknesses before harm occurs.,TRUE,FALSE,,,,TRUE,Near-miss reporting prevents future harm.,medium,BRN CM Module M08,SME review recommended,BRN/CAPSTONE_FINAL
BRN-CAPSTONE_FINAL-Q23,BRN,CAPSTONE_FINAL,CAPSTONE_FINAL - Comprehensive Capstone Final Assessment,Chronic care - approach.,mcq,Chronic disease management emphasizes:,One-time treatment,"Ongoing support, education, monitoring, and coordination",Avoiding the patient,Ignoring comorbidities,,B,Chronic disease management is longitudinal and coordinated.,medium,BRN CM Module M09,SME review recommended,BRN/CAPSTONE_FINAL
BRN-CAPSTONE_FINAL-Q24,BRN,CAPSTONE_FINAL,CAPSTONE_FINAL - Comprehensive Capstone Final Assessment,Chronic care - geriatric.,mcq,Geriatric care often requires attention to:,No special factors,"Polypharmacy, fall risk, cognition, and function",Only age,Marketing,,B,"Geriatric care attends to polypharmacy, falls, cognition, function.",medium,BRN CM Module M09,SME review recommended,BRN/CAPSTONE_FINAL
BRN-CAPSTONE_FINAL-Q25,BRN,CAPSTONE_FINAL,CAPSTONE_FINAL - Comprehensive Capstone Final Assessment,Chronic care - decompensation.,scenario,Scenario: A heart-failure home-health patient reports rapid weight gain and worsening shortness of breath. The case manager should:,Wait for the next routine visit,"Recognize possible decompensation, follow protocol, notify the provider promptly, and document",Say it is normal,Discontinue services,,B,Prompt provider notification per protocol addresses possible decompensation. (Clinical thresholds need SME confirmation.),hard,BRN CM Module M09,SME/legal review required before submission,BRN/CAPSTONE_FINAL
BRN-CAPSTONE_FINAL-Q26,BRN,CAPSTONE_FINAL,CAPSTONE_FINAL - Comprehensive Capstone Final Assessment,Capstone - integration.,mcq,Integrated case management means:,Treating issues in isolation,"Synthesizing assessment, planning, coordination, documentation, and advocacy",Billing only,Avoiding the team,,B,Integration synthesizes all core functions.,medium,BRN CM Module M10,SME review recommended,BRN/CAPSTONE_FINAL
BRN-CAPSTONE_FINAL-Q27,BRN,CAPSTONE_FINAL,CAPSTONE_FINAL - Comprehensive Capstone Final Assessment,Capstone - components.,ms,Which are integrated across a full case-management episode? (Select all that apply.),Assessment and planning,Coordination and advocacy,Falsified records,Evaluation and revision,,A; B; D,"Assessment, coordination, advocacy, evaluation integrate; falsification never belongs.",medium,BRN CM Module M10,SME review recommended,BRN/CAPSTONE_FINAL
BRN-CAPSTONE_FINAL-Q28,BRN,CAPSTONE_FINAL,CAPSTONE_FINAL - Comprehensive Capstone Final Assessment,Capstone - integrity under pressure.,scenario,Scenario: A supervisor pressures the case manager to document a higher acuity than is accurate to secure payment. The case manager should:,Comply,"Refuse to misrepresent, document accurately, and escalate appropriately",Quietly alter records,Ask the patient to misstate symptoms,,B,"Integrity requires accurate documentation, refusal to misrepresent, and escalation.",hard,BRN CM Modules M04/M07,SME/legal review required before submission,BRN/CAPSTONE_FINAL
BRN-CAPSTONE_FINAL-Q29,BRN,CAPSTONE_FINAL,CAPSTONE_FINAL - Comprehensive Capstone Final Assessment,Capstone - posture.,tf,This 30-contact-hour program builds case-management skills but makes no certification or scope-expansion claim.,TRUE,FALSE,,,,TRUE,The program is continuing education; it makes no certification or scope-expansion claim.,easy,BRN CM Program posture,SME review recommended,BRN/CAPSTONE_FINAL
BRN-CAPSTONE_FINAL-Q30,BRN,CAPSTONE_FINAL,CAPSTONE_FINAL - Comprehensive Capstone Final Assessment,Capstone - confidentiality.,mcq,Confidentiality of patient information requires that it is:,Shared freely,Disclosed only as authorized or legally required,Posted online,Discussed publicly,,B,Confidential information is disclosed only as authorized/legally required.,easy,BRN CM Modules M04/M05,SME review recommended,BRN/CAPSTONE_FINAL
